{"episode reward": -2.2000000000000006, "critic_loss": 0.011858182027935982, "actor_loss": -53.73583984375, "final roll angle": -9.782646266133996, "final pitch angle": -44.5345036732721, "final yaw angle": 148.7888749271313, "_step": 41, "_runtime": 44, "_timestamp": 1618900369}