{"episode reward": 0.5, "critic_loss": 0.041219983249902725, "actor_loss": -13.029398918151855, "final roll angle": 142.97967416113937, "final pitch angle": -67.78634483198228, "final yaw angle": -87.47609513327043, "_step": 62, "_runtime": 69, "_timestamp": 1618900497}