{"episode reward": 13.064384852358979, "critic_loss": 0.43366149067878723, "actor_loss": -77.12158203125, "final roll angle": 1.6559029649747978, "final pitch angle": -0.34608872321950573, "final yaw angle": 0.6068945782599764, "_step": 1704, "_runtime": 4195, "_timestamp": 1618904761}