{"episode reward": -3.6501169766976487, "critic_loss": 0.037789203226566315, "actor_loss": -46.20992660522461, "final roll angle": -97.3333254466431, "final pitch angle": -49.11571057904872, "final yaw angle": 30.283854751288036, "_step": 61, "_runtime": 152, "_timestamp": 1618900316}