{"initial_reset_timestamp": 1608255665.3682642, "timestamps": [1608255682.6912882], "episode_lengths": [500], "episode_rewards": [-46.288646063440105], "episode_types": ["t"]}