{"episode reward": -2.5375667067605705, "critic_loss": 0.0012442769948393106, "actor_loss": -0.08499062806367874, "final roll angle": -60.02294225923943, "final pitch angle": -39.71021295830672, "final yaw angle": 135.97257549494498, "_step": 1, "_runtime": 6, "_timestamp": 1618896264}