{"episode reward": -10163.149554964859, "critic_loss": 2.267953872680664, "actor_loss": 34.08313751220703, "final roll angle": -99.09254727975147, "final pitch angle": -76.3781784440944, "final yaw angle": -179.57185430586293, "_step": 0, "_runtime": 7, "_timestamp": 1616387399}