{"episode reward": 234.67529499089966, "critic_loss": 0.01663322001695633, "actor_loss": -64.08368682861328, "final roll angle": 0.30935655917515764, "final pitch angle": 0.08363230269041522, "final yaw angle": -0.035684923832078386, "_step": 1623, "_runtime": 4007, "_timestamp": 1618904819}