{"episode reward": -4.050113311929642, "critic_loss": 0.015834933146834373, "actor_loss": -9.031265258789062, "final roll angle": 28.87141422977713, "final pitch angle": -37.63514736381709, "final yaw angle": -21.49841363586537, "_step": 183, "_runtime": 477, "_timestamp": 1618899531}